,1,2,3,4,5,6,7,8,REF
0,51.2897,49.90664113470215,49.948791266066095,49.93506088656244,49.91371274133261,49.82675545801445,49.84745941055277,49.838922521738105,49.773999999999994
1,51.2904,49.9058634994171,49.9504427746097,49.93224366548498,49.912935578558034,49.82889220822084,49.844450211057264,49.840476679037714,49.776
2,51.291000000000004,49.90975167578348,49.9504427746097,49.93515803212468,49.91497563086086,49.829960583339904,49.845226778693565,49.83989387004658,49.778
3,51.2932,49.90819640525458,49.95151139784157,49.934672304318674,49.917015683226865,49.83326283377478,49.847362339605304,49.842127971203915,49.78
4,51.2953,49.911695763911496,49.95267716869069,49.93778096250336,49.91652995646733,49.83287433371838,49.84872133284551,49.84135089253293,49.782
5,51.2967,49.912181785937754,49.955397300877735,49.939918165316335,49.91594708436061,49.83287433371838,49.84813890717754,49.8420308363696,49.772
6,51.2977,49.912473399152404,49.95452297264334,49.939821019728434,49.91915288101138,49.8340398338918,49.84978911321182,49.845236285968525,49.783
7,51.299,49.91529232685133,49.95646592431575,49.94186107718439,49.921581514941536,49.83782770954239,49.85163346104119,49.84679044339923,49.784
8,51.2991,49.91325103438742,49.9560773339695,49.941958222783285,49.919735753146455,49.836176584242445,49.85211881571711,49.84912167960576,49.784
9,51.2993,49.914223078422914,49.95831172854066,49.941472494794034,49.918084282110456,49.836176584242445,49.85105103542127,49.84620763435894,49.773999999999994
10,51.3005,49.91694480167334,49.95947749969842,49.94351255243687,49.9235244221501,49.83938170984779,49.85706943303032,49.85019016289134,49.786
11,51.3005,49.91529232685133,49.96025468049966,49.945649755929345,49.92080435207415,49.83850758467325,49.85522508548499,49.8477617918098,49.776
12,51.3009,49.916847597272785,49.95908890930662,49.94244395078563,49.92537018405126,49.83860470969229,49.85571044011153,49.84960735382458,49.785
13,51.3012,49.916847597272785,49.96035182810146,49.9439982804811,49.92469016650272,49.840352960050026,49.86056398600983,49.85145291588485,49.776
14,51.3028,49.9189860940638,49.961129008929134,49.94642692089851,49.92459302113921,49.840352960050026,49.8584284258968,49.851938590118785,49.78
15,51.303999999999995,49.91927770725913,49.963266256326484,49.94827268783454,49.923815858236324,49.84161558532602,49.85571044011153,49.850967241654054,49.778
16,51.3071,49.921805021583886,49.965889242011656,49.950507037536184,49.92682736453604,49.843849460850535,49.85862256773059,49.850481567426414,49.778
17,51.3072,49.92054136442928,49.96482061818167,49.947495522785815,49.92566162014564,49.8427810855939,49.86260247508809,49.85329847799057,49.781000000000006
18,51.3072,49.92131899960319,49.96550065152289,49.950507037536184,49.92643878307028,49.84501496114257,49.85988448962424,49.85329847799057,49.784
19,51.309,49.92083297762019,49.96511206103999,49.94953558111014,49.924884457230156,49.842489710525754,49.8581372131441,49.84970448866873,49.785
20,61.5658,59.88379505556046,59.93862950877668,59.927727050105545,59.907867047188034,59.800591287570406,59.81325009009556,59.82695934889979,59.773999999999994
21,61.5662,59.88330910992621,59.93989282978239,59.927727050105545,59.905535371085406,59.79855141656179,59.812764879268975,59.82725077239494,59.769
22,61.5689,59.88330910992621,59.94018436540473,59.92976801848774,59.90767274084595,59.79932851027205,59.809659529804975,59.82715363122989,59.771
23,61.5711,59.887196674856106,59.94300254319647,59.933461199729045,59.909130038412414,59.80350538911886,59.81742290290108,59.83006786618003,59.766000000000005
24,61.5717,59.88612759453322,59.94300254319647,59.93394714466366,59.91049018280956,59.80428248288649,59.81325009009556,59.83171926598394,59.776
25,61.5724,59.88748824221257,59.94232229336657,59.933461199729045,59.91214178672271,59.80496243994055,59.814026427402816,59.830262148509945,59.778
26,61.5738,59.890598293899515,59.947764292328216,59.935599357501275,59.912044633551275,59.80612808062069,59.81509389116961,59.83210783064357,59.766000000000005
27,61.5748,59.889237646312424,59.944848935649965,59.935502168508265,59.91408485015318,59.80729372132109,59.81742290290108,59.833176383457285,59.778999999999996
28,61.5749,59.892639265204465,59.947764292328216,59.93705719243487,59.91593076041538,59.80913931913814,59.821595715163525,59.83745059470854,59.781000000000006
29,61.5751,59.89312521073989,59.94902761362113,59.939098161462994,59.91729090482112,59.80972213951197,59.82208092585647,59.8391991356733,59.781000000000006
30,61.578,59.89468023641859,59.95194297060251,59.94045880756022,59.916416526274375,59.80943072932442,59.82470106347149,59.83667346539057,59.768
31,61.5781,59.89468023641859,59.95116554205346,59.941041941621094,59.91787382385267,59.81147060066384,59.82654486388704,59.83997626499064,59.777
32,61.5786,59.892736454311965,59.94902761362113,59.939486917484366,59.918553896056544,59.81030495989085,59.82576852688289,59.840267688484595,59.778
33,61.5818,59.897595909424034,59.954955506372045,59.94337447797991,59.918553896056544,59.81156773739583,59.82780641147868,59.83871342984985,59.769
34,61.5826,59.897595909424034,59.95660754221247,59.94648452674521,59.92224571659928,59.815356070053426,59.828679790551504,59.84230765294153,59.773
35,61.5832,59.89847061128951,59.95446961349073,59.944443557206,59.92175995073767,59.81642457417503,59.82732120087239,59.843376205751746,59.776
36,61.5837,59.89963688041752,59.957287792284134,59.94638733771633,59.92175995073767,59.814967523104336,59.82431289494944,59.840267688484595,59.773999999999994
37,61.583999999999996,59.89885936766881,59.955247042103665,59.94512388037005,59.92166279756539,59.81487038636742,59.82974725383043,59.84230765294153,59.771
38,61.585,59.89963688041752,59.955538577837395,59.94522106939477,59.922537176116336,59.81389901900595,59.82324543148958,59.841724805953966,59.778
39,61.588,59.9026497421942,59.95845393529092,59.950663655289794,59.92535461811863,59.81759021505437,59.827418242994234,59.8444447585616,59.776
40,71.8465,69.86324927936538,69.93513239566269,69.92864345621463,69.9116352458995,69.78212776885975,69.78360811249283,69.82302787215437,69.777
41,71.8465,69.86383225214918,69.93386884888446,69.92640759196786,69.90852653696162,69.78183630715634,69.77720541163443,69.8215708587334,69.779
42,71.8473,69.86373509001933,69.93697911790822,69.92874066770503,69.91056662721662,69.78241923056493,69.78448120795628,69.82205652987702,69.77600000000001
43,71.8479,69.86558117043143,69.93697911790822,69.92844903323419,69.91056662721662,69.78319646178723,69.78516028218769,69.82283360369996,69.78
44,71.8483,69.86480387342989,69.93571557110464,69.92844903323419,69.90881797843002,69.78154484545466,69.78564533520048,69.82176512719124,69.774
45,71.8489,69.86655279165458,69.93668753018277,69.9314625894838,69.91318960032018,69.78416800083258,69.78496626098031,69.82516482511811,69.779
46,71.8494,69.86373509001933,69.93542398338319,69.93155980097758,69.9116352458995,69.78319646178723,69.78603337760497,69.82283360369996,69.775
47,71.8494,69.866066981047,69.93863144836982,69.93262912741712,69.9133838946205,69.78572246334545,69.7843841973505,69.82438775132051,69.777
48,71.8505,69.86616414316916,69.93863144836982,69.9314625894838,69.90930371420815,69.78232207666301,69.7862273988053,69.82147372450427,69.777
49,71.8508,69.86810738554506,69.93950621156738,69.93262912741712,69.91493824900496,69.78572246334545,69.78962276960333,69.8279817175636,69.78
50,71.8508,69.86849603400489,69.94106134616133,69.9323374929322,69.91318960032018,69.78698546417371,69.78952575901454,69.8264275700212,69.779
51,71.8511,69.86742725072806,69.9380482729094,69.93253191592203,69.91416107181675,69.7849452320828,69.78680946239855,69.82535909356618,69.779
52,71.8513,69.86810738554506,69.93882584019079,69.93262912741712,69.91542398474348,69.78659684853075,69.78758554717162,69.82720464379662,69.779
53,71.8513,69.86655279165458,69.93931181974499,69.93301797339865,69.91241242311386,69.78552815552862,69.78729451538412,69.82487342244501,69.778
54,71.8515,69.86869035823288,69.93833986063915,69.93379566536733,69.9157154261851,69.78552815552862,69.78603337760497,69.82720464379662,69.779
55,71.8518,69.86975914146397,69.94086695433565,69.93340681938204,69.91581257333205,69.78543100162051,69.78797358955046,69.8279817175636,69.779
56,71.8519,69.86927333090918,69.94086695433565,69.93262912741712,69.91445251326327,69.7862082328909,69.78826462133122,69.82545622779003,69.779
57,71.8519,69.8676215749631,69.93989499521342,69.93467056884106,69.91522969044846,69.78445946254995,69.7874885365761,69.8264275700212,69.779
58,71.8524,69.86733008861006,69.93931181974499,69.9323374929322,69.9133838946205,69.7862082328909,69.78729451538412,69.82613616735324,69.78
59,71.8545,69.8688846824596,69.94145012981393,69.93408729985751,69.91474395470865,69.78630538680058,69.78933173783602,69.8265247042436,69.779
60,82.1309,79.8474885731587,79.9341790884042,79.93216259904143,79.92009217217765,79.77572032205408,79.75872806095961,79.82498253424568,79.79899999999999
61,82.1314,79.84719720297531,79.93165189749547,79.93109325489253,79.91912089955508,79.77445702648215,79.75892201350086,79.82245757051543,79.794
62,82.1316,79.84845980707507,79.93476228630337,79.93381522179655,79.91999504491656,79.77523443913687,79.75921294231013,79.82372005240262,79.797
63,82.1324,79.84923679417693,79.93573428279956,79.93342636938583,79.91912089955508,79.77484573280753,79.75921294231013,79.82420562234748,79.8
64,82.1325,79.84884830062947,79.93573428279956,79.93575948382961,79.92184046283265,79.77669208790707,79.76144339641071,79.82682769993693,79.797
65,82.1335,79.84671158599434,79.9341790884042,79.93430128730805,79.9182467541725,79.77358243726452,79.75911596604072,79.82022394860691,79.794
66,82.1337,79.8493339175627,79.93631748069583,79.93498177902052,79.9219375900888,79.77640055814858,79.75892201350086,79.82507964823178,79.798
67,82.134,79.85011090463331,79.93738667683623,79.93556505762784,79.91931515408169,79.77620620497748,79.76027968125072,79.82498253424568,79.79899999999999
68,82.1346,79.85030515139663,79.9375810761341,79.93585669693036,79.92213184460027,79.77776103037391,79.75998875245291,79.82430273633567,79.8
69,82.1348,79.85059652153835,79.93913627051269,79.93731489343126,79.92271460812852,79.77678926449373,79.76299501654624,79.82779883973656,79.798
70,82.1351,79.85030515139663,79.93806707437824,79.93663440173326,79.92077206299794,79.77465137964434,79.75843713214513,79.82274891249331,79.796
71,82.1354,79.84952816433297,79.93903907086425,79.93556505762784,79.92290886263584,79.77795538355292,79.75921294231013,79.82498253424568,79.8
72,82.1356,79.85166487869121,79.93903907086425,79.9363427624328,79.92154908106266,79.77620620497748,79.76124944388752,79.82779883973656,79.801
73,82.1356,79.85205337218832,79.9385530726216,79.93867587681466,79.92242322636557,79.77746950060725,79.76464361284282,79.82779883973656,79.797
74,82.1364,79.85185912544064,79.9385530726216,79.93702325413264,79.9219375900888,79.77717797084283,79.76183130145293,79.82372005240262,79.797
75,82.1365,79.8524418656785,79.93816427402696,79.93741210653064,79.92077206299794,79.77834408991387,79.76338292156622,79.82653635799194,79.79899999999999
76,82.1372,79.85156775531586,79.93865027227021,79.93760653272912,79.92038355395934,79.77746950060725,79.76018270498514,79.82352582442284,79.797
77,82.1378,79.85312172926959,79.93981666805094,79.93916194230464,79.92397726240752,79.77980173880276,79.76377082658067,79.82789595371507,79.797
78,82.1401,79.85321885263801,79.9424410585418,79.93945358159759,79.92475428040349,79.77999609199213,79.76532244658283,79.82818729564909,79.798
79,82.1409,79.85525844327456,79.94214945959943,79.94198112210405,79.92446289865694,79.78057915156623,79.76541942283,79.82682769993693,79.79899999999999
80,92.4269,89.83879264821472,89.94437819829723,89.9489620351881,89.93772743504715,89.78320354530818,89.74646065580488,89.83513792792058,89.82799999999999
81,92.4276,89.84092825110112,89.94428100855268,89.94964239151074,89.93646522019142,89.78223149747876,89.74781780336205,89.83572041030527,89.83
82,92.4277,89.83937508539188,89.945836044446,89.94944800399142,89.93403788374273,89.78164826879554,89.74539432552993,89.83057514875438,89.82700000000001
83,92.428,89.84325799940183,89.94612761367135,89.95012836030392,89.93821290228156,89.78446720753138,89.7469453513694,89.83649705346295,89.834
84,92.4284,89.84034581397658,89.94428100855268,89.95041994157636,89.93763034159907,89.78378677402029,89.74675147314473,89.83445836512071,89.83200000000001
85,92.4285,89.8408311782484,89.94525290599087,89.95071152284619,89.9371448743528,89.7829119309562,89.74675147314473,89.83533208871705,89.833
86,92.429,89.84286970804031,89.94641918289527,89.94867045390264,89.93976639736529,89.78631409856433,89.74956270725637,89.83620581228176,89.835
87,92.4309,89.84170483390311,89.94709951107868,89.95421049788095,89.93821290228156,89.78378677402029,89.74781780336205,89.83562332990878,89.82700000000001
88,92.4311,89.84189897959813,89.94632199315413,89.95246101041047,89.93772743504715,89.78582807459777,89.74907801174234,89.83416712391491,89.82700000000001
89,92.4316,89.84422872776729,89.94768264951529,89.95226662290796,89.94180535950915,89.78553646022145,89.75004740276107,89.83795325931628,89.83200000000001
90,92.4326,89.84209312529094,89.94807140846976,89.95304417291106,89.94131989234785,89.78573086980536,89.74985352456032,89.83669121424849,89.831
91,92.4327,89.8451994560779,89.94846016742164,89.95353014165356,89.94229082666057,89.78680012253841,89.75101679374238,89.83698245542382,89.83
92,92.4332,89.84248141667003,89.94884892637091,89.95634876021745,89.93889255639314,89.78611968897681,89.74936882905189,89.83465252592264,89.82700000000001
93,92.4334,89.84364629075459,89.95011239293808,89.95780666627559,89.94005767768222,89.78631409856433,89.74956270725637,89.83669121424849,89.82799999999999
94,92.4334,89.84451994626623,89.95011239293808,89.95576559777592,89.94277629380208,89.78738335131722,89.75140455012443,89.83766201815264,89.831
95,92.4335,89.84422872776729,89.94865454689659,89.95226662290796,89.9419995463709,89.78864701370843,89.74936882905189,89.838535741633,89.835
96,92.4338,89.84549067456038,89.95069553134445,89.95255820416129,89.9412227989144,89.78806378490619,89.74752698603453,89.83688537503244,89.835
97,92.4351,89.84733505816827,89.95166742867536,89.95654314769561,89.94539781619564,89.79117433864324,89.75188924559359,89.8404773492539,89.833
98,92.4356,89.84422872776729,89.94991801346801,89.95353014165356,89.9453007227788,89.79068831460154,89.75188924559359,89.83892406316969,89.835
99,92.4367,89.84733505816827,89.95244494652839,89.95712631012323,89.94365013463197,89.78893862811363,89.75159842831322,89.83872990240214,89.831
100,102.72,99.82671793550972,99.95061885483832,99.9523893568705,99.9505751426765,99.7929010389766,99.7241185555419,99.83910575954833,99.853
101,102.7204,99.82613587210487,99.95032735628223,99.9550125011283,99.95008991401146,99.79192865422877,99.72896351585109,99.8384265251052,99.852
102,102.7216,99.82914319943997,99.95129901812552,99.95782995196797,99.95241901148277,99.79523476251582,99.73167669318637,99.84114346272482,99.86200000000001
103,102.7216,99.82613587210487,99.95100751957564,99.95190358937592,99.94882831942037,99.7934844698423,99.72973870940756,99.83716508964332,99.852
104,102.7216,99.82924020998855,99.95265934465657,99.95608118942661,99.952807194365,99.79513752403095,99.72964181021439,99.83968796047928,99.861
105,102.7223,99.82691195663939,99.95061885483832,99.9540409662599,99.94931354811985,99.79435961616473,99.72973870940756,99.83891169256717,99.855
106,102.7225,99.83050134706006,99.95217351375925,99.95578972898754,99.95183673714357,99.79562371645883,99.72847901986529,99.83755322364095,99.85700000000001
107,102.7236,99.82788206224791,99.95207634757891,99.95705272419154,99.95106037132828,99.79319275440787,99.72944801182689,99.83813542462181,99.853
108,102.7241,99.82943423108378,99.95314517554647,99.9605502489371,99.95135150851299,99.7941651392017,99.73051390293833,99.83784432413373,99.853
109,102.7252,99.82943423108378,99.95265934465657,99.95802425890716,99.95533038289261,99.79640162436188,99.73128909644345,99.8425019313818,99.859
110,102.7252,99.82953124163039,99.95333950790038,99.95928725396378,99.95203082859209,99.79669333983135,99.72876971745798,99.83891169256717,99.85799999999999
111,102.7254,99.83118042082141,99.95285367701341,99.9590929470374,99.95484515435744,99.79601267040753,99.73051390293833,99.83959092699209,99.859
112,102.7259,99.83079237867604,99.953922504955,99.96132747657157,99.95261310292494,99.79747124776554,99.73167669318637,99.84172566359028,99.859
113,102.7262,99.82991928381021,99.9563516592349,99.96268762485597,99.95435992580902,99.79620714738398,99.7311921972567,99.84191973054129,99.85799999999999
114,102.7262,99.83147145242349,99.95518566520357,99.9605502489371,99.95290424008421,99.79669333983135,99.73196739073937,99.84085236228508,99.859
115,102.7263,99.83118042082141,99.95431116965217,99.96035594202354,99.95387469724733,99.79591543191982,99.73254878583452,99.83910575954833,99.854
116,102.7271,99.83350867347103,99.9569346562346,99.96142463002364,99.95513629148014,99.79717953228756,99.73380847515784,99.84318116567208,99.859
117,102.728,99.83166547348821,99.95460266817196,99.96191039727671,99.95076923413879,99.79640162436188,99.732451886653,99.83959092699209,99.853
118,102.7281,99.83166547348821,99.95596299456251,99.96365915928568,99.95494220006552,99.79883258670485,99.7345836685539,99.84221083096388,99.85799999999999
119,102.7288,99.83195650508036,99.95586582839367,99.96161893692636,99.95445697151976,99.79795744023589,99.7311921972567,99.84162863011402,99.85600000000001
120,123.3156,119.79638406638789,119.95939432494451,119.9556835059794,119.96344290508493,119.83890982285826,119.69079764410517,119.83462587002957,119.889
121,123.3164,119.79280059568757,119.95929724688361,119.95548948588298,119.96072946565927,119.83832588838624,119.69137851021213,119.83549796684134,119.88799999999999
122,123.3164,119.79580296311396,119.95987971524066,119.95675061644542,119.96644706943206,119.84095359364095,119.69186256528874,119.83714526064709,119.899
123,123.3171,119.79512500925382,119.95987971524066,119.95742968668529,119.9616985512404,119.83706069708708,119.69157213224413,119.83414137177357,119.89
124,123.3172,119.79386595196915,119.96026802746749,119.95578051602625,119.96179545979412,119.837547309116,119.69234662035399,119.8352072679111,119.88799999999999
125,123.3188,119.79706202016692,119.96415114924258,119.95898184706802,119.96421817337712,119.84114823848799,119.69341154145754,119.83714526064709,119.896
126,123.3197,119.79783682443238,119.96288913476405,119.9587878270328,119.96605943536593,119.84163485061366,119.69505732850931,119.83927705229706,119.895
127,123.32,119.79735257177316,119.96385991514056,119.95956390715216,119.96479962456267,119.84270539733069,119.69408921849477,119.83724216027572,119.89
128,123.3205,119.79783682443238,119.96385991514056,119.95830277692895,119.96353981362427,119.84036965911088,119.69418602949827,119.83627316395443,119.895
129,123.3206,119.79783682443238,119.96356868103348,119.95869081701382,119.96392744777354,119.84056430395239,119.69331473045038,119.83666076249229,119.897
130,123.3206,119.79609351475493,119.96201543237726,119.95820576690545,119.96392744777354,119.84007769185206,119.69331473045038,119.83462587002957,119.889
131,123.321,119.79735257177316,119.96337452495929,119.95820576690545,119.96518725867037,119.83988304701515,119.69583181648821,119.8389863534579,119.89299999999999
132,123.3214,119.80035493790119,119.96463653940141,119.9594668971404,119.96896669054996,119.84416523385283,119.6943796515039,119.84073054638786,119.9
133,123.3218,119.79841792759403,119.96259790064016,119.9622801871165,119.96499344161812,119.8430946870598,119.69254024237691,119.83617626431803,119.891
134,123.3218,119.79841792759403,119.96589855374881,119.9622801871165,119.96654397794659,119.84212146275085,119.69689673741168,119.83675766212481,119.89200000000001
135,123.3226,119.79754627283951,119.96405407120913,119.9594668971404,119.96702852050724,119.8419268178946,119.69583181648821,119.83695146138753,119.896
136,123.3229,119.79977383484648,119.96512192954623,119.96160111719156,119.96654397794659,119.84319200949324,119.69583181648821,119.83743595953064,119.9
137,123.3239,119.7995801338211,119.96686933395155,119.9643173966268,119.97109867722746,119.84591703781626,119.69544457250241,119.84169954235104,119.898
138,123.3242,119.79938643279218,119.96638394385718,119.96383234677938,119.9679976055686,119.84387326654013,119.69631587146026,119.83869565461171,119.89399999999999
139,123.3244,119.80054863891232,119.96657809989662,119.96402636672104,119.96751306304792,119.84319200949324,119.69805846926543,119.83918015268479,119.896
140,133.6132,129.76638369841532,129.9524138027693,129.93677168002907,129.9533227971383,129.8666304575422,129.65938938559978,129.8159664950985,129.903
141,133.6135,129.767834991473,129.95571226219653,129.93541498240808,129.95729238021818,129.86857791010362,129.6633566601995,129.82090394529888,129.90200000000002
142,133.6138,129.7698668013737,129.95813759949948,129.9385160052241,129.95642100845717,129.86935689118576,129.6636469485531,129.8207103198453,129.90200000000002
143,133.614,129.76638369841532,129.95542122169104,129.9384190982782,129.95429098827825,129.86633833967568,129.66209874395062,129.81848362686821,129.9
144,133.6143,129.76831875577528,129.95445108662776,129.9385160052241,129.95458144560197,129.86711732066325,129.66316313462804,129.82090394529888,129.90200000000002
145,133.6145,129.76706096853707,129.95493615416808,129.93754693571543,129.9528387015333,129.86809104694396,129.66461457636697,129.82051669438812,129.9
146,133.6147,129.76706096853707,129.95396601907015,129.93551188938818,129.9550655411229,129.86789630168371,129.66287284626725,129.81896769059975,129.903
147,133.6152,129.76773823860952,129.95542122169104,129.93696549395727,129.95458144560197,129.86809104694396,129.66432428802787,129.819742192523,129.901
148,133.6153,129.76812525005738,129.95794357253118,129.93754693571543,129.95738919929806,129.86984375437882,129.66713040845778,129.8229370123422,129.90200000000002
149,133.6155,129.76802849719692,129.95357796501156,129.93900053993707,129.9550655411229,129.86643571229735,129.66461457636697,129.8201294434628,129.901
150,133.6155,129.77112458823288,129.95794357253118,129.93948507462247,129.95584009390777,129.87081748080348,129.66587249245308,129.82177525979503,129.903
151,133.6156,129.76735122714558,129.9566823971697,129.93900053993707,129.95554963662045,129.86906477327608,129.66490486470175,129.82196888522864,129.903
152,133.6158,129.76802849719692,129.95571226219653,129.93900053993707,129.9551623602243,129.86770155642552,129.6638404741197,129.8199358179947,129.9
153,133.6166,129.76909277860668,129.95619732969178,129.93948507462247,129.9550655411229,129.8683831648382,129.6638404741197,129.8202262561955,129.901
154,133.6168,129.7700603070554,129.95765253207352,129.93977579542047,129.9569051038893,129.86935689118576,129.66461457636697,129.8202262561955,129.90200000000002
155,133.6168,129.77112458823288,129.95794357253118,129.94326444422205,129.95535599842424,129.86994112701896,129.66577572968012,129.82090394529888,129.90200000000002
156,133.6171,129.76938303715184,129.95813759949948,129.93900053993707,129.95458144560197,129.87062273551442,129.66703364569105,129.82400195206228,129.90200000000002
157,133.6176,129.7698668013737,129.95736149160967,129.93967888848888,129.95777647560828,129.86994112701896,129.66490486470175,129.82245294879675,129.90200000000002
158,133.6178,129.7703505655704,129.95765253207352,129.94219846835102,129.95564645571716,129.87188857993002,129.66684012015622,129.82100075802433,129.90200000000002
159,133.6183,129.77054407124206,129.9603689094356,129.94190774763575,129.95661464663283,129.86984375437882,129.66935595195906,129.82216251065864,129.90200000000002
160,143.9071,139.73103354971926,139.9373093555176,139.89475094667958,139.9315228744783,139.8997090135974,139.62867562802424,139.7899889731759,139.904
161,143.9087,139.73151676658864,139.93808483820197,139.89755765625677,139.93200645355017,139.89980644192934,139.62838549263583,139.78960212297187,139.904
162,143.9087,139.732773130318,139.93905419148308,139.89726730704112,139.9327801800095,139.90029358359757,139.62867562802424,139.79037582336338,139.905
163,143.9094,139.73180669669682,139.9407990271811,139.89804157159008,139.9297819895984,139.89931930027532,139.6276117982444,139.78786129684823,139.90200000000002
164,143.9095,139.73402949385815,139.940411285938,139.8970737408908,139.9348112116397,139.9027292921514,139.63080328739932,139.7935673367769,139.909
165,143.9097,139.7294872555491,139.93740629085602,139.89959010043728,139.93229660098044,139.90019615526276,139.629546034162,139.79114952368852,139.903
166,143.9102,139.73547914386157,139.94108983310477,139.89871905300188,139.9351980747539,139.9027292921514,139.63041644025856,139.79289034917747,139.907
167,143.9104,139.73402949385815,139.94176838023105,139.9010418459278,139.93345719060528,139.90253443545404,139.62935261057936,139.79289034917747,139.904
168,143.9104,139.73489928389043,139.94283466849063,139.89929975130391,139.93384405377938,139.90370357567227,139.6320605405508,139.79269692413976,139.907
169,143.9105,139.7307436195842,139.93740629085602,139.89784800546067,139.93210316936134,139.90126786697655,139.62935261057936,139.7889251350748,139.903
170,143.9105,139.7307436195842,139.9388603208335,139.89910618520844,139.93161959029482,139.9004884402688,139.629546034162,139.79018239827172,139.90200000000002
171,143.9112,139.734416067217,139.941380639021,139.8988158360555,139.9360685166983,139.90380100402746,139.6296427459525,139.7949213118233,139.904
172,143.9115,139.73393285051563,139.940411285938,139.9010418459278,139.93423091693631,139.90156015200128,139.6318671169946,139.79260021161934,139.90200000000002
173,143.9118,139.73325634708664,139.94031435062516,139.89900940215878,139.93326375901185,139.90302157720168,139.63109342274961,139.79172979888887,139.907
174,143.9118,139.73354627713434,139.93982967404858,139.89784800546067,139.93548822207833,139.90350871896356,139.63167369343643,139.7935673367769,139.908
175,143.912,139.73402949385815,139.94157450962766,139.901525761026,139.93500464319894,139.9033138622571,139.6313835580953,139.79172979888887,139.904
176,143.9131,139.7366388636829,139.94254386261156,139.89978366651968,139.9362619482297,139.90370357567227,139.6326408112071,139.79366404928695,139.908
177,143.9133,139.73451271055393,139.94205918612994,139.90249359112445,139.93345719060528,139.90243700710622,139.6318671169946,139.79240678657536,139.903
178,143.9148,139.73615564711028,139.94302853907257,139.9004611477669,139.93655209551883,139.90467785924986,139.6338013524648,139.7949213118233,139.909
179,143.9171,139.7378952266407,139.9453549857979,139.9010418459278,139.935971800931,139.90380100402746,139.6338013524648,139.7943410368283,139.909
180,154.2064,149.6873634835899,149.91674446027594,149.85206421478554,149.89893431710252,149.9403691587436,149.59188583312223,149.753670163275,149.904
181,154.2077,149.6886182700341,149.9207150416203,149.85206421478554,149.90434383755544,149.9430988663858,149.59178917510062,149.75540894490743,149.904
182,154.2087,149.68765304971092,149.91732552106114,149.85071128034627,149.89961050736562,149.94134405427423,149.59236912322234,149.75473275209526,149.904
183,154.2089,149.68630174105107,149.91780973835574,149.853803701487,149.89661595003832,149.93910179464666,149.5896626984893,149.750289197908,149.906
184,154.2095,149.6868808733635,149.91693814720819,149.85225749110987,149.8988377184887,149.93929677373166,149.5922724652034,149.75270417331592,149.906
185,154.21,149.6873634835899,149.91722867759933,149.8542868921506,149.89816152815817,149.9403691587436,149.59082259485484,149.74970960370163,149.906
186,154.2102,149.68929392418693,149.91974660729463,149.85341714892897,149.89961050736562,149.94105158560853,149.59314238735473,149.75318716831,149.904
187,154.2104,149.68784609378542,149.91848764252794,149.8565095687172,149.89970710596984,149.94007669009653,149.59082259485484,149.75270417331592,149.904
188,154.2113,149.69132088628248,149.92216769292915,149.85467344465437,149.90328125347878,149.9442687412386,149.59758865545112,149.75965929841811,149.904
189,154.2113,149.69479567717985,149.92294244020567,149.85544654958935,149.9055996185492,149.94573108493034,149.59720202348768,149.75666473140694,149.908
190,154.2117,149.6868808733635,149.92023082446943,149.855639825808,149.8983547254015,149.93988171100162,149.59256243925867,149.75144838619474,149.904
191,154.2117,149.68813565988796,149.91994029416742,149.85515663525004,149.8994173101536,149.9385168574065,149.59314238735473,149.75222117829264,149.904
192,154.2122,149.68813565988796,149.91868132942568,149.85515663525004,149.8993207115458,149.9393942632751,149.59526886354215,149.75395996023997,149.904
193,154.2125,149.68813565988796,149.91751920798185,149.85419025402095,149.89864452125744,149.93978422145506,149.59381899344248,149.75173818324018,149.904
194,154.213,149.6875565276718,149.919552920418,149.85689612108203,149.89912751432658,149.93910179464666,149.5920791491639,149.75173818324018,149.904
195,154.2132,149.69228610613666,149.92090872847393,149.85419025402095,149.90598601266015,149.9455361057634,149.59410896747204,149.7585967102521,149.908
196,154.2133,149.69305828193112,149.92294244020567,149.85544654958935,149.90482683026946,149.94573108493034,149.59797528740594,149.75956269949975,149.906
197,154.2143,149.69074175431072,149.92274875339228,149.8564129306222,149.90637240675187,149.9455361057634,149.59604212754604,149.7606252875374,149.91
198,154.2145,149.69431306742868,149.9239108742151,149.85670284490266,149.90675880082435,149.94573108493034,149.59720202348768,149.75811371558456,149.909
199,154.2155,149.69450611133286,149.92468562135363,149.85737931150413,149.9065656037905,149.94729091835558,149.59807194539331,149.758789908111,149.909
200,164.5197,159.63992738017203,159.89849262208784,159.79926132734593,159.86695216622002,160.00127759204338,159.5585892665189,159.71344789388644,159.91299999999998
201,164.52,159.63963821382302,159.89926652438754,159.8017696034026,159.86868857788443,160.00225315571723,159.55800965795157,159.71643852488927,159.915
202,164.5206,159.64012015773127,159.9009110665425,159.802637852537,159.87061792366947,160.00225315571723,159.5625499245205,159.7177891320308,159.915
203,164.5211,159.63925265867212,159.8986860976693,159.80070840982762,159.8682062413545,159.9988386831537,159.56032809209938,159.71441261370083,159.912
204,164.52200000000002,159.6406984903767,159.9009110665425,159.80302374099668,159.8701355872734,160.001960486608,159.56032809209938,159.71566674926584,159.914
205,164.5226,159.6418551555219,159.90245887063563,159.80466376664444,159.87032852183583,160.00293605032905,159.5639023441095,159.7163420529409,159.91299999999998
206,164.5226,159.6416623780112,159.901684968624,159.80244490829693,159.8693638489701,160.0007898102317,159.55849266509244,159.71441261370083,159.914
207,164.523,159.6404093240601,159.89820240870745,159.80340962942893,159.86946031626272,160.0004971411528,159.56341933712608,159.71557027730705,159.911
208,164.5231,159.64137321173504,159.90042737770614,159.8027343246545,159.86859211058115,159.9997166903054,159.56119750482134,159.71585969317942,159.91299999999998
209,164.5243,159.64233709927507,159.90149149311017,159.80437435038962,159.87032852183583,160.0030336067049,159.56322613432877,159.71566674926584,159.91299999999998
210,164.5243,159.6402165465089,159.90071759101124,159.80533907117902,159.8701355872734,160.00098492295436,159.56168051186938,159.71518438945904,159.914
211,164.5246,159.64118043421084,159.901684968624,159.8035061015327,159.87129319456767,160.00225315571723,159.56119750482134,159.71585969317942,159.914
212,164.5248,159.63944543625027,159.90120127983127,159.80437435038962,159.86791683942047,160.00020447208,159.5639023441095,159.71489497355944,159.91299999999998
213,164.5248,159.6408912679144,159.90197518188654,159.80485671080575,159.87177553088338,160.00254582483254,159.56023149068304,159.7142196697483,159.914
214,164.5253,159.6414696004951,159.90023390216393,159.80543554324854,159.86946031626272,160.00254582483254,159.56322613432877,159.7166314687822,159.914
215,164.5259,159.6426262655108,159.90216865738944,159.80659320794916,159.87032852183583,160.00322871945855,159.56370914131782,159.71585969317942,159.91299999999998
216,164.5267,159.64281904299455,159.901684968624,159.8073649842792,159.8728366706601,160.0042042832673,159.56496495942355,159.71952562655386,159.914
217,164.5269,159.6426262655108,159.90381319898793,159.80668967999642,159.87351194134274,160.00527740353485,159.56477175664423,159.71788560395976,159.91299999999998
218,164.5271,159.64118043421084,159.90245887063563,159.80765440037464,159.8728366706601,160.00322871945855,159.5641921482928,159.71730677236656,159.915
219,164.5274,159.6418551555219,159.90332951031525,159.80533907117902,159.87158259636112,160.0034238322149,159.56477175664423,159.7163420529409,159.912
220,174.8425,169.59276043578834,169.87578642202408,169.74012214202313,169.83331227809515,170.08049311883445,169.53128351448186,169.6717643501587,169.93
221,174.8432,169.59497403542326,169.87723569682205,169.74291440609022,169.8341791752533,170.08127414907668,169.53224893430365,169.673016658905,169.93099999999998
222,174.84400000000002,169.59564773950632,169.8801342455917,169.74666951729404,169.83572032546195,170.0829338384961,169.53736565837565,169.67465429305594,169.929
223,174.8448,169.5975726079199,169.8783951164621,169.74628437781757,169.83860998108605,170.083421982483,169.53707603252894,169.67783322876127,169.93200000000002
224,174.8455,169.59728387769516,169.88177675607218,169.74753608100397,169.83427549715242,170.08361724008287,169.53611061300168,169.6739799731613,169.929
225,174.8458,169.59372287050735,169.8790714445041,169.7491729231436,169.8322527369619,170.08117652029387,169.53485556752824,169.67369097889937,169.93
226,174.84599999999998,169.593434140107,169.87936129936085,169.74753608100397,169.83254170274319,170.08176229300176,169.53514519341553,169.6757139384635,169.93
227,174.8465,169.59776509472906,169.8803274821372,169.747439796155,169.83398653145073,170.08391012648812,169.53398668983442,169.6720533445061,169.93099999999998
228,174.8468,169.5975726079199,169.87936129936085,169.74772865069622,169.8354313598266,170.08459352812585,169.53466248360039,169.67494328727508,169.93099999999998
229,174.8476,169.59728387769516,169.88380573911846,169.75032834079093,169.83466078473407,170.08439827051143,169.53862070365003,169.67619559540995,169.93099999999998
230,174.8481,169.59689890404172,169.88187337432473,169.74936549277064,169.83572032546195,170.08439827051143,169.53659332277272,169.67783322876127,169.929
231,174.8483,169.59709139087138,169.8813902830498,169.74936549277064,169.83466078473407,170.08488641455293,169.53852416170938,169.67792956012204,169.933
232,174.8485,169.59632144351767,169.88003762731714,169.74840264455864,169.83273434659,170.08176229300176,169.53640023886607,169.67369097889937,169.929
233,174.8489,169.59641768694198,169.88332264796594,169.7520614667444,169.83427549715242,170.0837148688839,169.5410342519748,169.67523228148144,169.93400000000003
234,174.8498,169.59728387769516,169.8828395567828,169.7509060495111,169.83562400358497,170.08556981624162,169.537655284217,169.67764056603542,169.933
235,174.8506,169.5975726079199,169.8825497020582,169.75360202262607,169.83649090042476,170.08459352812585,169.53948958108936,169.67696624645012,169.93
236,174.8513,169.59738012110486,169.8835158844306,169.75283174474657,169.83572032546195,170.08586270269055,169.53881378752956,169.67764056603542,169.93
237,174.8513,169.59738012110486,169.88322602973176,169.75350573789785,169.83446814094617,170.08459352812585,169.53862070365003,169.67638825817852,169.93200000000002
238,174.8518,169.59959371912407,169.8852550123924,169.75456486980295,169.83880262474716,170.08635084678664,169.54084116812237,169.67783322876127,169.93200000000002
239,174.8551,169.60007493598232,169.8874772308775,169.7559128555285,169.83860998108605,170.0879129080165,169.54344779993136,169.68033784367827,169.93099999999998
240,185.1569,179.51834001532976,179.82566758258258,179.65617343481847,179.7652603618229,180.1493971837542,179.48592540808386,179.598906682977,179.928
241,185.1581,179.51785958273277,179.82364138989547,179.65780674179234,179.76612582733716,180.14900635746176,179.4856359685621,179.6010225939268,179.93
242,185.1602,179.51737915009633,179.82566758258258,179.6576145880625,179.76737594396099,180.14988571663727,179.4849606096564,179.6010225939268,179.928
243,185.1611,179.51853218835748,179.8258605532835,179.65799889551369,179.766221990164,180.14998342321624,179.48717964594738,179.59881050518868,179.93
244,185.1612,179.5200695723522,179.82605352397897,179.65636558861192,179.76708745553347,180.1514490219945,179.48881980299652,179.60265761550903,179.93099999999998
245,185.1616,179.52151086948035,179.8284656572145,179.65828712607978,179.7686260603129,180.15183984836503,179.48853036353023,179.60006081631565,179.93099999999998
246,185.1617,179.52093435067167,179.82856214252627,179.6604968931194,179.7666066414554,180.15183984836503,179.4891092424573,179.59986846077476,179.928
247,185.1617,179.5181478422957,179.82566758258258,179.65530874264303,179.76804908356888,180.14988571663727,179.48862684335293,179.60121494943039,179.93099999999998
248,185.1622,179.51997348586437,179.82856214252627,179.65944004815344,179.76593350167857,180.15115590222476,179.48930220209476,179.59957992745174,179.92700000000002
249,185.1627,179.5226639069272,179.83116724543154,179.66433996356005,179.76949152532035,180.1531100341557,179.48959164154627,179.60390792582754,179.929
250,185.1637,179.52170304240394,179.82904456906482,179.6628027357909,179.76949152532035,180.15486875316074,179.48708316611544,179.60246526005207,179.93
251,185.1642,179.52026174532313,179.8306848190422,179.6616498146078,179.76804908356888,180.15291462094854,179.49103883872084,179.60121494943039,179.92700000000002
252,185.1646,179.52103043714374,179.82971996616183,179.65992043226066,179.769106874222,180.15193755495963,179.49103883872084,179.60246526005207,179.93099999999998
253,185.1646,179.52179912886334,179.83097427487988,179.66289881254238,179.76718361834423,180.15340315397228,179.49007404061985,179.60275379323514,179.928
254,185.1656,179.5219913017775,179.82779025999403,179.66328311952705,179.769106874222,180.15486875316074,179.49103883872084,179.6036193927004,179.93099999999998
255,185.1659,179.52093435067167,179.83164967178695,179.664532116993,179.76718361834423,180.15359856718723,179.4915212377482,179.60121494943039,179.93200000000002
256,185.1669,179.5205500047677,179.83039536319237,179.6638595799405,179.76785675797467,180.1506673692909,179.49171419735484,179.6036193927004,179.93200000000002
257,185.1679,179.52275999337084,179.8306848190422,179.66549288403067,179.7686260603129,180.15291462094854,179.49296843473795,179.60246526005207,179.93
258,185.1687,179.52227956113683,179.83164967178695,179.66482034712655,179.76814524636356,180.15408710023834,179.49219659636069,179.6019843713825,179.93200000000002
259,185.1689,179.5226639069272,179.8319391275839,179.66741441746976,179.76852989752624,180.15379398040534,179.49238955595868,179.60131112717986,179.933
260,195.4817,189.425382116037,189.76778795574307,189.55285161552544,189.67652324162822,190.2330597757825,189.43671391648016,189.5170020379269,189.926
261,195.4827,189.43161676666196,189.77058177436427,189.55697306587248,189.68353050104406,190.23902496341876,189.44240239465177,189.52477889507128,189.929
262,195.4842,189.43411062490947,189.77636208477577,189.55812323729543,189.68689014267375,190.24283877353542,189.44722313711324,189.52717915739046,189.929
263,195.4842,189.42969841338518,189.7694257116385,189.5553436557838,189.67777111042344,190.23706916385146,189.4351712779462,189.5170980485763,189.926
264,195.4843,189.43497388326702,189.7729902376875,189.55697306587248,189.6876580604606,190.24117634332845,189.44143824596662,189.5270831469179,189.929
265,195.4863,189.43161676666196,189.77308657620102,189.5591775608058,189.68305055206542,190.24000286332762,189.43960636328777,189.52189857889877,189.929
266,195.4868,189.43123309606077,189.77202685246993,189.5593692559593,189.68477836818445,190.242154243421,189.44433069182924,189.5270831469179,189.929
267,195.487,189.4373718224297,189.77713279242548,189.56051942668498,189.68785003988984,190.2436210937163,189.4449091809323,189.52765920972797,189.93
268,195.4872,189.431712684308,189.77404996125472,189.56128620698286,189.681610704868,190.23873159346235,189.4463554035888,189.52189857889877,189.924
269,195.4873,189.43353511926162,189.77164149834118,189.5609986643886,189.68257060304322,190.24117634332845,189.44298088383204,189.52593102111587,189.929
270,195.4878,189.4320963548753,189.77404996125472,189.56128620698286,189.68477836818445,190.24186087338447,189.44172749057893,189.52660309452986,189.926
271,195.4885,189.43123309606077,189.77231586805084,189.55984849380235,189.68036283697953,190.23873159346235,189.44047409721722,189.521418526056,189.928
272,195.4892,189.43506980085385,189.776940115522,189.56272391964043,189.68381847041027,190.2416652933643,189.44442710668136,189.5232427266346,189.929
273,195.4893,189.43238410778307,189.7759767309152,189.56147790203408,189.68525831700612,190.24186087338447,189.44433069182924,189.52660309452986,189.929
274,195.4897,189.42969841338518,189.7711598056468,189.55984849380235,189.68141872521204,190.23892717343244,189.44249880951676,189.52161054719818,189.92700000000002
275,195.4903,189.43411062490947,189.7734719302404,189.5615737495562,189.68141872521204,190.24186087338447,189.44172749057893,189.52381878984886,189.926
276,195.4912,189.4362208117636,189.77376094575428,189.56320315707677,189.68420242954087,190.24381667376989,189.4451020106282,189.52545096862679,189.928
277,195.4915,189.43382287209315,189.77472433070366,189.56195713962146,189.68237862342212,190.242154243421,189.44413786212303,189.5222826211427,189.926
278,195.4935,189.43593305905904,189.77857786901166,189.5653118011063,189.68669816320957,190.2436210937163,189.4508869003091,189.52717915739046,189.923
279,195.4938,189.44005751303584,189.7803119604726,189.56607858047448,189.68804201931215,190.24528352427814,189.44944067810584,189.52929138736062,189.923
280,205.8179,199.33124895793438,199.70464819320844,199.43160033461854,199.5822593879628,200.3414627840878,199.39019798142138,199.42587794682436,199.921
281,205.821,199.331727642208,199.70589850660127,199.43399026833487,199.5825467964521,200.3427352105986,199.39328108911087,199.4273153964026,199.922
282,205.8225,199.331727642208,199.70657175216078,199.43408586565064,199.58139716239353,200.34038611561903,199.39173953535183,199.4248238168743,199.922
283,205.8229,199.33038732612798,199.70397494742176,199.43685818670895,199.58043913380473,200.34253945266408,199.39414821302498,199.42702790651958,199.929
284,205.8231,199.33325943157996,199.7053214389156,199.43638020047126,199.58158876808875,200.34351824237214,199.39019798142138,199.42798620606615,199.93200000000002
285,205.8242,199.33613153540537,199.7075335313936,199.43829214504285,199.58465445819016,200.34841219224512,199.3944372543176,199.42913616528256,199.922
286,205.8247,199.33249353695183,199.70637939629475,199.43905692258835,199.58293000774484,200.3417564209616,199.39347378331868,199.4289445054313,199.92700000000002
287,205.8269,199.33680169273055,199.7088800220469,199.4408732686105,199.58388803584515,200.34449703216907,199.3944372543176,199.42942365504584,199.93
288,205.8271,199.3331636947578,199.7058023286577,199.43857893664136,199.58158876808875,200.34371400032444,199.39299204779414,199.42913616528256,199.929
289,205.8274,199.3387164274574,199.71282331427363,199.4418292398345,199.58628310527402,200.3471397650645,199.39800209643127,199.43229855178103,199.923
290,205.8277,199.3360357986374,199.7075335313936,199.4400128942927,199.58369643024014,200.34420339522066,199.39472629560424,199.42990280461507,199.929
291,205.8286,199.3339295892847,199.7079182430413,199.44068207433534,199.58532507764343,200.34488854811272,199.39636419611455,199.4310527633962,199.93400000000003
292,205.8292,199.33775906018434,199.7099379787657,199.44230722535175,199.58800755453578,200.34743340209286,199.39270300647135,199.43181940243852,199.93
293,205.8297,199.33890790089032,199.71080357957143,199.44068207433534,199.5858040914822,200.34880370833088,199.3927993535796,199.42779454617133,199.93400000000003
294,205.8299,199.339099374316,199.71234242512372,199.44240282244763,199.59011521391793,200.3509570470568,199.3992546083076,199.4361317448886,199.925
295,205.8301,199.33459974690095,199.71032269025116,199.44039528290367,199.5801517251915,200.34371400032444,199.39472629560424,199.42539879687425,199.929
296,205.8312,199.34130131819177,199.7115730023995,199.44307200204787,199.5902110165955,200.35056553089282,199.39395551882652,199.43316102048325,199.93400000000003
297,205.8344,199.34388620760856,199.7151315816285,199.44574871921,199.5941389247587,200.3548722094782,199.3975203610641,199.43776085108055,199.935
298,205.8358,199.34178000151653,199.71272713644692,199.44307200204787,199.59318089866866,200.35389341873957,199.39992903773256,199.43843165936016,199.935
299,205.8408,199.34580093966034,199.7223449110882,199.45301408437336,199.5974920145943,200.35829797776302,199.40455369576256,199.4435106334503,199.928
300,216.1676,209.2252555940532,209.62613817907473,209.28790760414924,209.4753116487484,210.46434609654483,209.3453964611582,209.32314593091672,209.938
301,216.168,209.2308926837683,209.62969031008254,209.29057672728084,209.48506300633323,210.46895085483715,209.3468406086533,209.32792771735498,209.94400000000002
302,216.1703,209.2287907188942,209.6313223694695,209.29124400772906,209.4805697363235,210.46963667008,209.34674433215852,209.32381538131054,209.94099999999997
303,216.172,209.2330901915056,209.63161037989687,209.29505703629405,209.4783709004423,210.46650151506094,209.34087146465853,209.3202768567217,209.937
304,216.1764,209.23108377143802,209.63065034507747,209.29667757211055,209.48037853324567,210.4684609868348,209.34992145611892,209.32553682474315,209.937
305,216.1782,209.22974615758866,209.63017032760195,209.29400845387437,209.47990052551592,210.46601164717632,209.34924752079675,209.31826850374452,209.93900000000002
306,216.1782,209.23060605224936,209.63266641799544,209.29667757211055,209.48009172861387,210.4677751716711,209.34866986192205,209.31979867751915,209.938
307,216.1786,209.23117931526997,209.63151437642284,209.2952476876075,209.48143015007398,210.46924477564988,209.35126932666077,209.32601500336273,209.935
308,216.1792,209.23165703440097,209.63631454797428,209.29991864137503,209.47961372085385,210.46963667008,209.35126932666077,209.3267800890529,209.93599999999998
309,216.1799,209.2363386793415,209.63602653780492,209.3000139668938,209.48640142632726,210.47277182606365,209.352328367705,209.33146623619137,209.937
310,216.1878,209.23777183503321,209.64217075132325,209.30983248069657,209.48439379618816,210.47482927270212,209.3601267582529,209.32831026006014,209.935
311,216.1903,209.2414980378075,209.64428282305929,209.31345483769272,209.490034278607,210.47933606202855,209.3610895222011,209.33567420107406,209.93900000000002
312,216.19099999999997,209.2434089098909,209.6450508489344,209.31364548795165,209.49232871012742,210.48129553627047,209.36628844631718,209.33978652675583,209.951
313,216.1923,209.24646630362486,209.64860296714528,209.31974629046675,209.49232871012742,210.48423474833982,209.360896969417,209.3383519949494,209.952
314,216.1945,209.247421738763,209.64879497346655,209.31555198993985,209.49519674789659,210.48492056461131,209.3625336679927,209.33978652675583,209.951
315,216.1953,209.24560641183615,209.64581887469717,209.31621926537753,209.49567475401523,210.48501853836817,209.36234111522953,209.33663055620445,209.94400000000002
316,216.1957,209.24560641183615,209.64773893861252,209.31888836578935,209.492137507545,210.48296108967233,209.35868261220003,209.33615237866354,209.951
317,216.196,209.24359999705692,209.64879497346655,209.31860239084767,209.49290231782626,210.48492056461131,209.36628844631718,209.33902144318014,209.942
318,216.1973,209.2470395647308,209.6498510081082,209.31888836578935,209.4963439624967,210.48590030222215,209.36176345692334,209.34112542271393,209.954
319,216.1985,209.247421738763,209.65023502065247,209.31812576589024,209.49376272923857,210.4847246171005,209.36628844631718,209.3375869111405,209.95
